user_id,name,age,city,subscription_type
1,Кира,22,Тюмень,ultra
2,Станислав,31,Омск,ultra
3,Алексей,20,Москва,ultra
4,Константин,26,Ростов-на-Дону,ultra
5,Адель,28,Омск,ultra
6,Регина,25,Краснодар,ultra
7,Игорь,23,Омск,ultra
8,Юрий,23,Краснодар,ultra
9,Ян,21,Пятигорск,ultra
10,Валерий,18,Екатеринбург,ultra
11,Агата,31,Краснодар,ultra
12,Марк,27,Тюмень,ultra
13,Ева,24,Краснодар,ultra
14,Антонина,18,Пятигорск,ultra
15,Валерия,24,Тюмень,ultra
16,Амалия,27,Краснодар,ultra
17,Даниил,29,Москва,ultra
18,Аделина,24,Сочи,ultra
19,Регина,32,Тюмень,ultra
20,Игорь,23,Омск,ultra
21,Святогор,14,Ростов-на-Дону,ultra
22,Борис,19,Пятигорск,ultra
23,Игорь,25,Сочи,ultra
24,Вероника,27,Тюмень,ultra
25,Ростислав,26,Ростов-на-Дону,ultra
26,Назар,21,Омск,ultra
27,Эдуард,20,Краснодар,ultra
28,Василий,19,Пятигорск,ultra
29,Денис,20,Омск,ultra
30,Кира,29,Краснодар,ultra
31,Тамара,30,Ростов-на-Дону,ultra
32,Николай,24,Пятигорск,ultra
33,Эвелина,18,Сочи,ultra
34,Федор,17,Краснодар,ultra
35,Руслан,12,Пятигорск,ultra
36,Иван,23,Пятигорск,ultra
37,Любовь,27,Ростов-на-Дону,ultra
38,Ярослава,23,Сочи,ultra
39,Майя,23,Омск,ultra
40,Ильдар,21,Ростов-на-Дону,ultra
41,Данила,21,Екатеринбург,ultra
42,Нина,18,Екатеринбург,ultra
43,Стефания,22,Омск,ultra
44,Ясмина,25,Ростов-на-Дону,ultra
45,Дмитрий,31,Ростов-на-Дону,ultra
46,Александр,29,Пятигорск,ultra
47,Юрий,28,Тюмень,ultra
48,Ростислав,27,Ростов-на-Дону,ultra
49,Одиссей,17,Ростов-на-Дону,ultra
50,Арсений,35,Ростов-на-Дону,ultra
51,Алла,31,Ростов-на-Дону,ultra
52,Таисия,27,Омск,ultra
53,Максим,35,Тюмень,ultra
54,Юлиана,33,Краснодар,ultra
55,Павел,26,Краснодар,ultra
56,Ильдар,20,Тюмень,ultra
57,Агата,28,Ростов-на-Дону,ultra
58,Ян,22,Пятигорск,ultra
59,Карина,29,Екатеринбург,ultra
60,Алиса,19,Омск,ultra
61,Федор,32,Москва,ultra
62,Лидия,21,Пятигорск,ultra
63,Рамиль,19,Екатеринбург,ultra
64,Родион,31,Омск,ultra
65,Ника,23,Москва,ultra
66,Оксана,29,Тюмень,ultra
67,Анастасия,12,Ростов-на-Дону,ultra
68,Маргарита,27,Екатеринбург,ultra
69,Анастасия,22,Екатеринбург,ultra
70,Вера,32,Омск,ultra
71,Тимур,31,Сочи,ultra
72,Никита,25,Москва,ultra
73,Лев,23,Пятигорск,ultra
74,Арсений,19,Тюмень,ultra
75,Влад,18,Екатеринбург,ultra
76,Артур,17,Ростов-на-Дону,ultra
77,Анна,23,Пятигорск,ultra
78,Ростислав,21,Пятигорск,ultra
79,Ольга,22,Краснодар,ultra
80,Вячеслав,24,Екатеринбург,ultra
81,Павел,30,Омск,ultra
82,Максим,19,Ростов-на-Дону,ultra
83,Ксения,23,Омск,ultra
84,Анна,13,Екатеринбург,ultra
85,Стефания,26,Тюмень,ultra
86,Виталина,26,Екатеринбург,ultra
87,Владислав,29,Сочи,ultra
88,Алла,29,Тюмень,ultra
89,Тимур,28,Омск,ultra
90,Тамерлан,24,Пятигорск,ultra
91,Вера,32,Екатеринбург,ultra
92,Амина,25,Тюмень,ultra
93,Вадим,25,Пятигорск,ultra
94,Олеся,20,Екатеринбург,ultra
95,Зарина,29,Сочи,ultra
96,Егор,19,Тюмень,ultra
97,Нина,22,Москва,ultra
98,Марк,21,Пятигорск,ultra
99,Гордей,24,Москва,ultra
100,Вячеслав,24,Омск,ultra
101,Ника,28,Москва,ultra
102,Лилия,21,Краснодар,ultra
103,Святослав,28,Ростов-на-Дону,ultra
104,Роберт,22,Пятигорск,ultra
105,Одиссей,26,Сочи,ultra
106,Амир,31,Екатеринбург,ultra
107,Данила,26,Екатеринбург,ultra
108,Влада,29,Тюмень,ultra
109,Марк,27,Краснодар,ultra
110,Егор,23,Тюмень,ultra
111,Адель,20,Москва,ultra
112,Святослав,24,Краснодар,ultra
113,Богдан,18,Сочи,ultra
114,Святослав,24,Тюмень,ultra
115,Полина,25,Москва,ultra
116,Марат,28,Москва,ultra
117,Елисей,20,Ростов-на-Дону,ultra
118,Рамиль,25,Екатеринбург,ultra
119,Макар,18,Екатеринбург,ultra
120,Рамиль,26,Пятигорск,ultra
121,Алина,25,Пятигорск,ultra
122,Глеб,29,Пятигорск,ultra
123,Станислав,25,Сочи,ultra
124,Регина,29,Краснодар,ultra
125,Андрей,20,Тюмень,ultra
126,Родион,19,Тюмень,ultra
127,Павел,25,Пятигорск,ultra
128,Лидия,24,Ростов-на-Дону,ultra
129,Альбина,26,Пятигорск,ultra
130,Алексей,22,Краснодар,ultra
131,Алексей,27,Омск,ultra
132,Влада,24,Омск,ultra
133,Дмитрий,23,Омск,ultra
134,Людмила,28,Москва,ultra
135,Тамара,22,Краснодар,ultra
136,Марсель,25,Тюмень,ultra
137,Нина,24,Москва,ultra
138,Милена,22,Омск,ultra
139,Оксана,30,Москва,ultra
140,Тамара,24,Тюмень,ultra
141,Диана,19,Москва,ultra
142,Марсель,26,Пятигорск,ultra
143,Таисия,28,Москва,ultra
144,Дарина,27,Екатеринбург,ultra
145,Данил,32,Сочи,ultra
146,Ева,14,Ростов-на-Дону,ultra
147,Артемий,28,Ростов-на-Дону,ultra
148,Данил,18,Екатеринбург,ultra
149,Лиана,18,Екатеринбург,ultra
150,Алла,28,Москва,ultra
151,Майя,26,Омск,ultra
152,Альберт,15,Ростов-на-Дону,ultra
153,Герман,23,Москва,ultra
154,Жанна,24,Сочи,ultra
155,Амина,27,Краснодар,ultra
156,Федор,20,Омск,ultra
157,Амина,24,Ростов-на-Дону,ultra
158,Одиссей,30,Тюмень,ultra
159,Нелли,25,Тюмень,ultra
160,Евгения,25,Краснодар,ultra
161,Ариана,23,Сочи,ultra
162,Тамара,24,Москва,ultra
163,Самира,22,Москва,ultra
164,Зарина,17,Сочи,ultra
165,Оксана,31,Краснодар,ultra
166,Ян,29,Тюмень,ultra
167,Захар,35,Ростов-на-Дону,ultra
168,Святогор,23,Москва,ultra
169,Эльвира,31,Ростов-на-Дону,ultra
170,Екатерина,22,Москва,ultra
171,Альберт,30,Тюмень,ultra
172,Валерий,25,Сочи,ultra
173,Никита,23,Екатеринбург,ultra
174,Инна,28,Краснодар,ultra
175,Демид,18,Тюмень,ultra
176,Анна,17,Москва,ultra
177,Данил,25,Краснодар,ultra
178,Игорь,26,Екатеринбург,ultra
179,Яна,19,Сочи,ultra
180,Ксения,27,Омск,ultra
181,Денис,32,Омск,ultra
182,Агата,32,Краснодар,ultra
183,Борис,15,Москва,ultra
184,Эльвира,15,Пятигорск,ultra
185,Нелли,22,Ростов-на-Дону,ultra
186,Ясмина,22,Екатеринбург,ultra
187,Михаил,28,Пятигорск,ultra
188,Жанна,21,Сочи,ultra
189,Алла,26,Екатеринбург,ultra
190,Макар,27,Москва,ultra
191,Марсель,23,Омск,ultra
192,Никита,25,Пятигорск,ultra
193,Регина,30,Сочи,ultra
194,Ариана,24,Тюмень,ultra
195,Виталина,23,Сочи,ultra
196,Татьяна,35,Екатеринбург,ultra
197,Евгения,31,Москва,ultra
198,Марсель,27,Сочи,ultra
199,Родион,24,Пятигорск,ultra
200,Степан,25,Пятигорск,ultra
201,Марсель,28,Краснодар,ultra
202,Вадим,21,Пятигорск,ultra
203,Мелания,25,Пятигорск,ultra
204,Руслан,30,Пятигорск,ultra
205,Тимофей,26,Пятигорск,ultra
206,Ирина,37,Ростов-на-Дону,ultra
207,Антонина,27,Ростов-на-Дону,ultra
208,Вадим,23,Пятигорск,ultra
209,Андрей,23,Омск,ultra
210,Алексей,23,Омск,ultra
211,Анжелика,30,Екатеринбург,ultra
212,Владислава,25,Краснодар,ultra
213,Елизавета,20,Ростов-на-Дону,ultra
214,Иван,20,Краснодар,ultra
215,Агата,20,Омск,ultra
216,Мадина,26,Сочи,ultra
217,Снежана,18,Пятигорск,ultra
218,Михаил,23,Сочи,ultra
219,Анна,30,Омск,ultra
220,Тимофей,31,Омск,ultra
221,Даниэль,30,Омск,ultra
222,Одиссей,23,Тюмень,ultra
223,Игорь,25,Тюмень,ultra
224,Любовь,29,Ростов-на-Дону,ultra
225,Егор,25,Пятигорск,ultra
226,Макар,21,Омск,ultra
227,Вячеслав,22,Москва,ultra
228,Тимур,22,Москва,ultra
229,Вероника,24,Сочи,ultra
230,Рустам,26,Омск,ultra
231,Каролина,27,Омск,ultra
232,Амир,32,Ростов-на-Дону,ultra
233,Мадина,17,Краснодар,ultra
234,Ангелина,25,Омск,ultra
235,Зарина,25,Пятигорск,ultra
236,Владимир,13,Тюмень,ultra
237,Виктория,19,Краснодар,ultra
238,Валентина,17,Пятигорск,ultra
239,Самира,23,Сочи,ultra
240,Артемий,25,Москва,ultra
241,Егор,22,Москва,ultra
242,Лиана,22,Омск,ultra
243,Владислава,30,Екатеринбург,ultra
244,Семен,21,Тюмень,ultra
245,Жанна,21,Екатеринбург,ultra
246,Игорь,16,Сочи,ultra
247,Арина,22,Ростов-на-Дону,ultra
248,Карина,30,Тюмень,ultra
249,Лариса,32,Сочи,ultra
250,Аделина,18,Сочи,ultra
251,Василий,20,Сочи,ultra
252,Есения,27,Омск,ultra
253,Назар,23,Сочи,ultra
254,Денис,23,Екатеринбург,ultra
255,Галина,24,Ростов-на-Дону,ultra
256,Есения,33,Сочи,ultra
257,Кирилл,28,Москва,ultra
258,Демид,22,Омск,ultra
259,Карина,27,Краснодар,ultra
260,Игнат,24,Екатеринбург,ultra
261,Виталий,27,Пятигорск,ultra
262,Яна,27,Сочи,ultra
263,Никита,24,Сочи,ultra
264,Денис,23,Пятигорск,ultra
265,Владимир,20,Екатеринбург,ultra
266,Анастасия,22,Москва,ultra
267,Роберт,21,Екатеринбург,ultra
268,Виктория,24,Тюмень,ultra
269,Ксения,16,Ростов-на-Дону,ultra
270,Егор,26,Тюмень,ultra
271,Эмилия,22,Пятигорск,ultra
272,Любовь,21,Омск,ultra
273,Виолетта,30,Омск,ultra
274,Гордей,29,Омск,ultra
275,Ростислав,26,Омск,ultra
276,Святогор,20,Сочи,ultra
277,Валерий,18,Екатеринбург,ultra
278,Эдуард,27,Сочи,ultra
279,Яромир,23,Ростов-на-Дону,ultra
280,Аделина,26,Екатеринбург,ultra
281,Карина,33,Сочи,ultra
282,Захар,33,Краснодар,ultra
283,Адель,26,Краснодар,ultra
284,Софья,28,Краснодар,ultra
285,Мирослава,29,Пятигорск,ultra
286,Кира,30,Сочи,ultra
287,Дмитрий,27,Омск,ultra
288,Евгений,24,Екатеринбург,ultra
289,Алла,28,Ростов-на-Дону,ultra
290,Варвара,27,Омск,ultra
291,Екатерина,25,Омск,ultra
292,Агата,25,Краснодар,ultra
293,Агата,26,Краснодар,ultra
294,Елизавета,25,Екатеринбург,ultra
295,Влада,16,Ростов-на-Дону,ultra
296,Платон,19,Екатеринбург,ultra
297,Егор,33,Пятигорск,ultra
298,Ростислав,31,Омск,ultra
299,Агата,19,Омск,ultra
300,Данила,27,Ростов-на-Дону,ultra
301,Вячеслав,24,Ростов-на-Дону,ultra
302,Наталия,27,Ростов-на-Дону,ultra
303,Марат,32,Тюмень,ultra
304,Татьяна,22,Екатеринбург,ultra
305,Анатолий,28,Омск,ultra
306,Ильдар,15,Сочи,ultra
307,Ясмина,19,Краснодар,ultra
308,Кристина,29,Пятигорск,ultra
309,Анастасия,23,Тюмень,ultra
310,Алла,29,Омск,ultra
311,Аделина,23,Сочи,ultra
312,Всеволод,24,Ростов-на-Дону,ultra
313,Ильдар,31,Сочи,ultra
314,Святогор,28,Екатеринбург,ultra
315,Игорь,13,Москва,ultra
316,Кира,27,Москва,ultra
317,Лариса,28,Москва,ultra
318,Степан,35,Москва,ultra
319,Юрий,26,Омск,ultra
320,Оксана,30,Екатеринбург,ultra
321,Артемий,22,Москва,ultra
322,Руслан,17,Екатеринбург,ultra
323,Дарья,28,Краснодар,ultra
324,Ильдар,24,Екатеринбург,ultra
325,Софья,26,Пятигорск,ultra
326,Степан,30,Пятигорск,ultra
327,Наташа,24,Краснодар,ultra
328,Данил,35,Пятигорск,ultra
329,Данила,19,Пятигорск,ultra
330,Мария,19,Пятигорск,ultra
331,Святослав,26,Краснодар,ultra
332,Василий,21,Тюмень,ultra
333,Арина,21,Ростов-на-Дону,ultra
334,Мария,23,Тюмень,ultra
335,Марина,25,Москва,ultra
336,Игорь,24,Екатеринбург,ultra
337,Вадим,31,Тюмень,ultra
338,Кирилл,29,Пятигорск,ultra
339,Юлиана,24,Краснодар,ultra
340,Ева,33,Тюмень,ultra
341,Василиса,23,Пятигорск,ultra
342,Юлия,23,Москва,ultra
343,Варвара,26,Тюмень,ultra
344,Илья,32,Екатеринбург,ultra
345,Павел,16,Екатеринбург,ultra
346,Родион,22,Тюмень,ultra
347,Злата,24,Москва,ultra
348,Татьяна,27,Ростов-на-Дону,ultra
349,Федор,25,Сочи,ultra
350,Владимир,16,Сочи,ultra
351,Владислава,18,Москва,ultra
352,Алла,25,Тюмень,ultra
353,Анна,17,Краснодар,ultra
354,Роман,28,Москва,ultra
355,Данила,24,Ростов-на-Дону,ultra
356,Владислав,29,Сочи,ultra
357,Наталья,30,Сочи,ultra
358,Екатерина,29,Москва,ultra
359,Анна,28,Екатеринбург,ultra
360,Одиссей,29,Омск,ultra
361,Анастасия,28,Краснодар,ultra
362,Екатерина,25,Москва,ultra
363,Николай,25,Краснодар,ultra
364,Зарина,25,Тюмень,ultra
365,Михаил,24,Ростов-на-Дону,ultra
366,Элина,20,Пятигорск,ultra
367,Владислава,29,Омск,ultra
368,Валентина,32,Екатеринбург,ultra
369,Ариана,22,Екатеринбург,ultra
370,Жанна,23,Пятигорск,ultra
371,Владислава,28,Екатеринбург,ultra
372,Арсен,26,Ростов-на-Дону,ultra
373,Даниэль,26,Тюмень,ultra
374,Мария,18,Ростов-на-Дону,ultra
375,Алексей,34,Омск,ultra
376,Анна,28,Ростов-на-Дону,ultra
377,Степан,31,Пятигорск,ultra
378,Кирилл,24,Москва,ultra
379,Айдар,27,Ростов-на-Дону,ultra
380,Валерий,33,Сочи,ultra
381,Алия,25,Краснодар,ultra
382,Марина,26,Тюмень,ultra
383,Артемий,25,Екатеринбург,ultra
384,Виктор,38,Омск,ultra
385,Мирон,24,Москва,ultra
386,Ульяна,22,Тюмень,ultra
387,Татьяна,22,Сочи,ultra
388,Андрей,23,Омск,ultra
389,Алексей,21,Сочи,ultra
390,Даниэль,18,Тюмень,ultra
391,Нина,21,Пятигорск,ultra
392,Влад,23,Омск,ultra
393,Георгий,15,Тюмень,ultra
394,Алиса,31,Ростов-на-Дону,ultra
395,Дарина,22,Тюмень,ultra
396,Тимур,33,Екатеринбург,ultra
397,Екатерина,25,Пятигорск,ultra
398,Валерия,35,Краснодар,ultra
399,Борис,30,Омск,ultra
400,Петр,21,Ростов-на-Дону,ultra
401,Ян,23,Пятигорск,ultra
402,Эльмира,21,Екатеринбург,ultra
403,Полина,19,Сочи,ultra
404,Влад,23,Сочи,ultra
405,Руслан,22,Екатеринбург,ultra
406,Валерия,31,Москва,ultra
407,Данила,20,Пятигорск,ultra
408,Станислав,26,Ростов-на-Дону,ultra
409,Антонина,20,Екатеринбург,ultra
410,Виктор,19,Тюмень,ultra
411,Святослав,21,Краснодар,ultra
412,Михаил,15,Тюмень,ultra
413,Нелли,19,Ростов-на-Дону,ultra
414,Олег,30,Екатеринбург,ultra
415,Юлиана,24,Пятигорск,ultra
416,Милена,31,Ростов-на-Дону,ultra
417,Яна,19,Москва,ultra
418,Наташа,26,Краснодар,ultra
419,Айдар,24,Омск,ultra
420,Дамир,24,Москва,ultra
421,Ульяна,32,Омск,ultra
422,Кирилл,27,Сочи,ultra
423,Дмитрий,23,Москва,ultra
424,Александр,28,Омск,ultra
425,Вячеслав,23,Краснодар,ultra
426,Татьяна,20,Омск,ultra
427,Владислава,29,Омск,ultra
428,Гордей,29,Тюмень,ultra
429,Артур,26,Сочи,ultra
430,Алексей,27,Краснодар,ultra
431,Арина,18,Омск,ultra
432,Мадина,21,Омск,ultra
433,Мелания,20,Сочи,ultra
434,Дарья,21,Тюмень,ultra
435,Игнат,23,Ростов-на-Дону,ultra
436,Вероника,31,Омск,ultra
437,Любовь,28,Тюмень,ultra
438,Вероника,29,Екатеринбург,ultra
439,Тимур,27,Краснодар,ultra
440,Амалия,20,Тюмень,ultra
441,Вячеслав,22,Екатеринбург,ultra
442,Одиссей,25,Сочи,ultra
443,Ариана,24,Москва,ultra
444,Эльмира,26,Пятигорск,ultra
445,Людмила,26,Москва,ultra
446,Олег,32,Ростов-на-Дону,ultra
447,Майя,19,Москва,ultra
448,Мария,22,Москва,ultra
449,Александр,14,Москва,ultra
450,Лиана,26,Сочи,ultra
451,Эвелина,20,Екатеринбург,ultra
452,Мария,19,Пятигорск,ultra
453,Людмила,27,Екатеринбург,ultra
454,Вероника,38,Краснодар,ultra
455,Виталина,15,Ростов-на-Дону,ultra
456,Одиссей,19,Пятигорск,ultra
457,Юрий,16,Пятигорск,ultra
458,Самир,21,Екатеринбург,ultra
459,Элина,23,Москва,ultra
460,Ярослав,30,Пятигорск,ultra
461,Яромир,20,Пятигорск,ultra
462,Никита,22,Ростов-на-Дону,ultra
463,Ярослава,24,Пятигорск,ultra
464,Камилла,21,Сочи,ultra
465,Егор,25,Пятигорск,ultra
466,Зарина,24,Сочи,ultra
467,Евгения,17,Екатеринбург,ultra
468,Снежана,31,Краснодар,ultra
469,Майя,24,Сочи,ultra
470,Ростислав,25,Краснодар,ultra
471,Петр,24,Сочи,ultra
472,Павел,27,Краснодар,ultra
473,Самир,33,Екатеринбург,ultra
474,Сергей,27,Ростов-на-Дону,ultra
475,Макар,28,Пятигорск,ultra
476,Регина,17,Омск,ultra
477,Стефания,26,Омск,ultra
478,Стефания,28,Ростов-на-Дону,ultra
479,Эмиль,16,Ростов-на-Дону,ultra
480,Арсен,31,Краснодар,ultra
481,Наташа,24,Тюмень,ultra
482,Ясмина,22,Пятигорск,ultra
483,Ника,27,Москва,ultra
484,Дамир,19,Сочи,ultra
485,Людмила,23,Пятигорск,ultra
486,Виктория,27,Москва,ultra
487,Николай,22,Екатеринбург,ultra
488,Владимир,31,Пятигорск,ultra
489,Артур,23,Ростов-на-Дону,ultra
490,Марина,26,Тюмень,ultra
491,Радмир,19,Сочи,ultra
492,Ева,23,Омск,ultra
493,Каролина,26,Тюмень,ultra
494,Василиса,30,Омск,ultra
495,Святогор,24,Омск,ultra
496,Иван,28,Омск,ultra
497,Эмиль,32,Екатеринбург,ultra
498,Руслан,23,Ростов-на-Дону,ultra
499,Каролина,25,Екатеринбург,ultra
500,Анастасия,20,Пятигорск,ultra
501,Мария,34,Сочи,ultra
502,Виктория,23,Тюмень,ultra
503,Рамиль,27,Омск,ultra
504,Анна,35,Омск,ultra
505,Виктор,27,Сочи,ultra
506,Вероника,26,Тюмень,ultra
507,Эвелина,27,Пятигорск,ultra
508,Станислав,15,Тюмень,ultra
509,Ян,29,Москва,ultra
510,Роман,24,Ростов-на-Дону,ultra
511,Тамерлан,24,Екатеринбург,ultra
512,Мария,29,Омск,ultra
513,Иван,28,Пятигорск,ultra
514,Константин,20,Ростов-на-Дону,ultra
515,Руслан,23,Екатеринбург,ultra
516,Елисей,24,Тюмень,ultra
517,Олег,25,Краснодар,ultra
518,Алиса,22,Ростов-на-Дону,ultra
519,Даниэль,22,Ростов-на-Дону,ultra
520,Анжелика,30,Екатеринбург,ultra
521,Лиана,17,Сочи,ultra
522,Марк,29,Пятигорск,ultra
523,Ян,23,Тюмень,ultra
524,Екатерина,19,Сочи,ultra
525,Марк,33,Краснодар,ultra
526,Жанна,16,Краснодар,ultra
527,Арсений,30,Тюмень,ultra
528,Степан,20,Екатеринбург,ultra
529,Арсений,25,Пятигорск,ultra
530,Юлиана,31,Москва,ultra
531,Елисей,22,Сочи,ultra
532,Яна,33,Екатеринбург,ultra
533,Галина,23,Омск,ultra
534,Дмитрий,33,Москва,ultra
535,Юрий,25,Ростов-на-Дону,ultra
536,Ростислав,25,Ростов-на-Дону,ultra
537,Гордей,23,Сочи,ultra
538,Эдуард,25,Екатеринбург,ultra
539,Всеволод,25,Тюмень,ultra
540,Элина,32,Тюмень,ultra
541,Родион,28,Краснодар,ultra
542,Рустам,23,Тюмень,ultra
543,Вера,28,Сочи,ultra
544,Ильдар,29,Тюмень,ultra
545,Платон,23,Пятигорск,ultra
546,Милена,22,Ростов-на-Дону,ultra
547,Юрий,26,Тюмень,ultra
548,Степан,15,Омск,ultra
549,Альбина,25,Пятигорск,ultra
550,Инна,28,Москва,ultra
551,Эмилия,23,Ростов-на-Дону,ultra
552,Майя,32,Омск,ultra
553,Назар,31,Тюмень,ultra
554,Евгений,13,Тюмень,ultra
555,Ксения,25,Сочи,ultra
556,Назар,28,Ростов-на-Дону,ultra
557,Савелий,29,Екатеринбург,ultra
558,Богдан,34,Екатеринбург,ultra
559,Лилия,30,Краснодар,ultra
560,Самир,33,Москва,ultra
561,Виктор,22,Краснодар,ultra
562,Олеся,23,Омск,ultra
563,Назар,33,Ростов-на-Дону,ultra
564,Ника,31,Тюмень,ultra
565,Тамара,28,Краснодар,ultra
566,Альбина,27,Сочи,ultra
567,Камилла,33,Ростов-на-Дону,ultra
568,Назар,27,Екатеринбург,ultra
569,Роберт,32,Екатеринбург,ultra
570,Елисей,33,Пятигорск,ultra
571,Майя,23,Краснодар,ultra
572,Станислав,24,Екатеринбург,ultra
573,Петр,23,Краснодар,ultra
574,Жанна,34,Пятигорск,ultra
575,Макар,26,Екатеринбург,ultra
576,Адель,23,Москва,ultra
577,Ариана,25,Пятигорск,ultra
578,Айдар,25,Сочи,ultra
579,Алиса,25,Ростов-на-Дону,ultra
580,Вероника,31,Пятигорск,ultra
581,Самира,31,Екатеринбург,ultra
582,Анна,26,Москва,ultra
583,Данила,24,Москва,ultra
584,Ольга,27,Краснодар,ultra
585,Демид,24,Краснодар,ultra
586,Лариса,24,Ростов-на-Дону,ultra
587,Егор,27,Краснодар,ultra
588,Маргарита,24,Москва,ultra
589,Дарина,21,Сочи,ultra
590,Дмитрий,28,Сочи,ultra
591,Тамара,18,Москва,ultra
592,Савелий,24,Пятигорск,ultra
593,Марк,21,Пятигорск,ultra
594,Николай,27,Ростов-на-Дону,ultra
595,Виолетта,24,Сочи,ultra
596,Ксения,32,Тюмень,ultra
597,Даниэль,30,Ростов-на-Дону,ultra
598,Кира,21,Пятигорск,ultra
599,Ян,25,Москва,ultra
600,Олег,18,Краснодар,ultra
601,Платон,32,Тюмень,ultra
602,Эмиль,26,Краснодар,ultra
603,Дарья,25,Пятигорск,ultra
604,Лидия,32,Сочи,ultra
605,Ильдар,32,Москва,ultra
606,Антонина,26,Пятигорск,ultra
607,Аделина,33,Краснодар,ultra
608,Дарина,26,Ростов-на-Дону,ultra
609,Оксана,29,Москва,ultra
610,Мария,22,Сочи,ultra
611,Владимир,28,Омск,ultra
612,Елена,32,Ростов-на-Дону,ultra
613,Людмила,34,Краснодар,ultra
614,Кристина,26,Ростов-на-Дону,ultra
615,Роберт,25,Омск,ultra
616,Владислав,32,Краснодар,ultra
617,Антон,31,Краснодар,ultra
618,Родион,20,Ростов-на-Дону,ultra
619,Кристина,29,Екатеринбург,ultra
620,Мелания,21,Екатеринбург,ultra
621,Инна,27,Сочи,ultra
622,Ярослава,24,Тюмень,ultra
623,Нелли,19,Екатеринбург,ultra
624,Рустам,26,Ростов-на-Дону,ultra
625,Олеся,31,Сочи,ultra
626,Мирослав,33,Екатеринбург,ultra
627,Платон,20,Омск,ultra
628,Александр,23,Екатеринбург,ultra
629,Данил,19,Екатеринбург,ultra
630,Петр,20,Тюмень,ultra
631,Виталий,32,Екатеринбург,ultra
632,Снежана,24,Омск,ultra
633,София,30,Краснодар,ultra
634,Одиссей,27,Екатеринбург,ultra
635,Герман,21,Москва,ultra
636,Милена,27,Тюмень,ultra
637,Тихон,20,Пятигорск,ultra
638,Эдуард,17,Сочи,ultra
639,Макар,23,Ростов-на-Дону,ultra
640,Полина,24,Екатеринбург,ultra
641,Артём,27,Краснодар,ultra
642,Давид,22,Екатеринбург,ultra
643,Егор,31,Москва,ultra
644,Роберт,20,Сочи,ultra
645,Олеся,36,Краснодар,ultra
646,Даниил,22,Тюмень,ultra
647,Артур,33,Москва,ultra
648,Вера,33,Москва,ultra
649,София,34,Пятигорск,ultra
650,Таисия,24,Краснодар,ultra
651,Елена,21,Москва,ultra
652,Евгения,22,Омск,ultra
653,Вадим,28,Пятигорск,ultra
654,Самира,26,Пятигорск,ultra
655,Альберт,20,Пятигорск,ultra
656,Галина,24,Тюмень,ultra
657,Агата,26,Екатеринбург,ultra
658,Даниил,25,Омск,ultra
659,Злата,27,Ростов-на-Дону,ultra
660,Наташа,26,Омск,ultra
661,Марк,25,Омск,ultra
662,Родион,35,Москва,ultra
663,Евгения,24,Москва,ultra
664,Ева,25,Сочи,ultra
665,Герман,12,Сочи,ultra
666,Зарина,29,Москва,ultra
667,Арина,23,Ростов-на-Дону,ultra
668,Андрей,25,Ростов-на-Дону,ultra
669,Аделина,27,Тюмень,ultra
670,Марат,19,Москва,ultra
671,Софья,26,Екатеринбург,ultra
672,Демид,28,Екатеринбург,ultra
673,Иван,33,Омск,ultra
674,Эмиль,28,Омск,ultra
675,Макар,27,Краснодар,ultra
676,Софья,22,Омск,ultra
677,Ольга,27,Сочи,ultra
678,Тимур,21,Омск,ultra
679,Дамир,22,Ростов-на-Дону,ultra
680,Тимофей,33,Ростов-на-Дону,ultra
681,Ярослава,30,Краснодар,ultra
682,Евгения,23,Сочи,ultra
683,Лев,27,Сочи,ultra
684,Эвелина,27,Краснодар,ultra
685,Даниил,25,Краснодар,ultra
686,Айдар,29,Пятигорск,ultra
687,Карина,26,Сочи,ultra
688,Мирослава,26,Москва,ultra
689,Дмитрий,20,Пятигорск,ultra
690,Дарина,30,Екатеринбург,ultra
691,Сергей,30,Сочи,ultra
692,Денис,21,Сочи,ultra
693,Ксения,20,Омск,ultra
694,Алия,29,Краснодар,ultra
695,Злата,14,Тюмень,ultra
696,Игорь,24,Москва,ultra
697,Ясмина,24,Москва,ultra
698,Егор,26,Пятигорск,ultra
699,Оксана,22,Москва,ultra
700,Айдар,22,Омск,free
701,Иван,31,Екатеринбург,free
702,Мирослава,20,Екатеринбург,free
703,Иван,30,Пятигорск,free
704,Мирон,29,Ростов-на-Дону,free
705,Елена,27,Ростов-на-Дону,free
706,Юрий,23,Краснодар,free
707,Артём,27,Сочи,free
708,Святогор,24,Пятигорск,free
709,Диана,25,Екатеринбург,free
710,Лев,33,Ростов-на-Дону,free
711,Степан,25,Екатеринбург,free
712,Дарья,28,Москва,free
713,Святослав,30,Краснодар,free
714,Яна,31,Омск,free
715,Эльмира,25,Тюмень,free
716,Мелания,17,Москва,free
717,Марина,26,Ростов-на-Дону,free
718,Владислава,31,Москва,free
719,Марсель,27,Сочи,free
720,Сергей,25,Тюмень,free
721,Андрей,27,Пятигорск,free
722,Олеся,36,Ростов-на-Дону,free
723,Роберт,24,Ростов-на-Дону,free
724,Елизавета,23,Краснодар,free
725,Ксения,29,Москва,free
726,Ольга,22,Пятигорск,free
727,Ярослав,26,Сочи,free
728,Вячеслав,12,Пятигорск,free
729,Арсен,27,Екатеринбург,free
730,Анна,28,Омск,free
731,Алексей,28,Пятигорск,free
732,Мирослава,29,Омск,free
733,Всеволод,34,Москва,free
734,Анна,28,Омск,free
735,Кирилл,18,Пятигорск,free
736,Ильдар,26,Пятигорск,free
737,Мелания,27,Ростов-на-Дону,free
738,Марат,23,Тюмень,free
739,Ярослав,19,Пятигорск,free
740,Марат,23,Тюмень,free
741,Анна,22,Москва,free
742,Святогор,28,Сочи,free
743,Арсен,18,Тюмень,free
744,Ксения,26,Екатеринбург,free
745,Борис,21,Ростов-на-Дону,free
746,Тамара,26,Омск,free
747,Адель,25,Екатеринбург,free
748,Борис,25,Москва,free
749,Милена,34,Омск,free
750,Иван,21,Краснодар,free
751,Григорий,21,Сочи,free
752,Роберт,26,Ростов-на-Дону,free
753,Кира,26,Пятигорск,free
754,Ростислав,17,Ростов-на-Дону,free
755,Иван,21,Краснодар,free
756,Руслан,28,Екатеринбург,free
757,Станислав,22,Екатеринбург,free
758,Федор,26,Ростов-на-Дону,free
759,Маргарита,24,Омск,free
760,Иван,22,Ростов-на-Дону,free
761,Регина,32,Краснодар,free
762,Ярослава,34,Ростов-на-Дону,free
763,Захар,20,Краснодар,free
764,Валерий,22,Сочи,free
765,Иван,27,Пятигорск,free
766,Алёна,24,Краснодар,free
767,Ксения,28,Екатеринбург,free
768,Эдуард,25,Ростов-на-Дону,free
769,Эвелина,27,Тюмень,free
770,Снежана,27,Краснодар,free
771,Одиссей,25,Омск,free
772,Григорий,27,Ростов-на-Дону,free
773,Данил,29,Сочи,free
774,Герман,27,Екатеринбург,free
775,Вероника,24,Екатеринбург,free
776,Виталина,26,Сочи,free
777,Руслан,22,Краснодар,free
778,Эдуард,22,Ростов-на-Дону,free
779,Лев,24,Сочи,free
780,Семен,13,Тюмень,free
781,Амир,23,Пятигорск,free
782,Мария,24,Омск,free
783,Эдуард,20,Краснодар,free
784,Светлана,30,Ростов-на-Дону,free
785,Петр,28,Омск,free
786,Виолетта,23,Сочи,free
787,Вадим,24,Ростов-на-Дону,free
788,Амалия,34,Пятигорск,free
789,Родион,23,Москва,free
790,Марат,23,Сочи,free
791,Демид,24,Сочи,free
792,Александр,26,Пятигорск,free
793,Амир,22,Пятигорск,free
794,Андрей,29,Москва,free
795,Владислава,29,Екатеринбург,free
796,Алексей,25,Екатеринбург,free
797,Николай,28,Пятигорск,free
798,Макар,22,Краснодар,free
799,Станислав,27,Омск,free
800,Олег,24,Москва,free
801,Наталия,22,Сочи,free
802,Евгений,23,Екатеринбург,free
803,Тамара,30,Пятигорск,free
804,Тамерлан,24,Пятигорск,free
805,Петр,38,Тюмень,free
806,Эмиль,23,Москва,free
807,Александр,28,Екатеринбург,free
808,Алексей,24,Ростов-на-Дону,free
809,Юрий,26,Сочи,free
810,Наталья,24,Ростов-на-Дону,free
811,Маргарита,14,Сочи,free
812,Яромир,27,Омск,free
813,Игорь,23,Краснодар,free
814,Давид,30,Омск,free
815,Амина,26,Омск,free
816,Максим,28,Сочи,free
817,Самир,28,Омск,free
818,Антонина,24,Пятигорск,free
819,Мария,28,Омск,free
820,Мирослав,21,Пятигорск,free
821,Олеся,28,Сочи,free
822,Вадим,20,Пятигорск,free
823,Евгения,21,Ростов-на-Дону,free
824,Айдар,27,Ростов-на-Дону,free
825,Борис,27,Сочи,free
826,Святогор,18,Ростов-на-Дону,free
827,Алиса,28,Краснодар,free
828,Вадим,30,Екатеринбург,free
829,Федор,29,Пятигорск,free
830,Алёна,25,Пятигорск,free
831,Оксана,25,Омск,free
832,Анна,24,Омск,free
833,Герман,26,Пятигорск,free
834,Давид,29,Пятигорск,free
835,Эвелина,30,Москва,free
836,Всеволод,21,Тюмень,free
837,Регина,25,Пятигорск,free
838,Владислав,23,Ростов-на-Дону,free
839,Эвелина,25,Краснодар,free
840,Михаил,21,Омск,free
841,Лидия,28,Тюмень,free
842,Кира,25,Пятигорск,free
843,Мирослава,23,Сочи,free
844,Олеся,24,Москва,free
845,Всеволод,27,Краснодар,free
846,Данил,28,Омск,free
847,Яромир,25,Краснодар,free
848,Святогор,30,Пятигорск,free
849,Каролина,37,Тюмень,free
850,Данила,32,Краснодар,free
851,Нелли,26,Екатеринбург,free
852,Альбина,20,Москва,free
853,Денис,21,Москва,free
854,Маргарита,26,Сочи,free
855,Савелий,24,Пятигорск,free
856,Валерия,36,Омск,free
857,Лариса,25,Тюмень,free
858,Эмиль,25,Краснодар,free
859,Глеб,23,Москва,free
860,Ольга,22,Краснодар,free
861,Мария,27,Краснодар,free
862,Мария,28,Сочи,free
863,Лилия,32,Пятигорск,free
864,Арсен,25,Пятигорск,free
865,Святослав,23,Ростов-на-Дону,free
866,Дарина,34,Москва,free
867,Леонид,24,Ростов-на-Дону,free
868,Валентина,34,Пятигорск,free
869,Анна,26,Сочи,free
870,Ростислав,26,Москва,free
871,Михаил,21,Екатеринбург,free
872,Михаил,28,Омск,free
873,Марк,20,Омск,free
874,Кира,22,Краснодар,free
875,Тимофей,30,Екатеринбург,free
876,Никита,18,Екатеринбург,free
877,Михаил,26,Омск,free
878,Демид,25,Екатеринбург,free
879,Анатолий,23,Екатеринбург,free
880,Евгений,29,Краснодар,free
881,Алёна,34,Краснодар,free
882,Ян,27,Сочи,free
883,Александр,28,Омск,free
884,Александра,20,Москва,free
885,Ильдар,28,Екатеринбург,free
886,Наташа,22,Тюмень,free
887,Ольга,17,Тюмень,free
888,Эмиль,34,Екатеринбург,free
889,Эльвира,24,Краснодар,free
890,Кира,30,Омск,free
891,Захар,19,Екатеринбург,free
892,Лидия,20,Краснодар,free
893,Вероника,30,Омск,free
894,Григорий,23,Ростов-на-Дону,free
895,Мирон,25,Сочи,free
896,Наталия,31,Омск,free
897,Алиса,27,Екатеринбург,free
898,Лиана,22,Сочи,free
899,Юлиана,26,Пятигорск,free
900,Данил,22,Омск,free
901,Кирилл,25,Тюмень,free
902,Вадим,15,Краснодар,free
903,Николай,19,Тюмень,free
904,Данила,30,Пятигорск,free
905,Владислава,24,Москва,free
906,Есения,32,Сочи,free
907,Анжелика,23,Ростов-на-Дону,free
908,Рустам,30,Тюмень,free
909,Константин,20,Екатеринбург,free
910,Любовь,23,Тюмень,free
911,Альберт,24,Екатеринбург,free
912,Ян,27,Москва,free
913,Зарина,31,Тюмень,free
914,Кира,22,Омск,free
915,Галина,24,Екатеринбург,free
916,Арина,21,Ростов-на-Дону,free
917,Николай,18,Ростов-на-Дону,free
918,Владимир,27,Екатеринбург,free
919,Марат,24,Краснодар,free
920,Степан,20,Сочи,free
921,Артур,28,Омск,free
922,Милена,21,Екатеринбург,free
923,Александра,22,Екатеринбург,free
924,Мария,23,Пятигорск,free
925,Всеволод,28,Ростов-на-Дону,free
926,Кира,24,Краснодар,free
927,Богдан,28,Тюмень,free
928,Вячеслав,24,Ростов-на-Дону,free
929,Василина,23,Краснодар,free
930,Эмилия,18,Сочи,free
931,Дамир,34,Москва,free
932,Антон,25,Сочи,free
933,Алия,24,Пятигорск,free
934,Самир,14,Пятигорск,free
935,Мелания,24,Тюмень,free
936,Глеб,20,Сочи,free
937,Родион,22,Ростов-на-Дону,free
938,Дарья,28,Тюмень,free
939,Василина,31,Сочи,free
940,Виктория,26,Сочи,free
941,Данила,28,Екатеринбург,free
942,Кирилл,26,Сочи,free
943,Ульяна,21,Краснодар,free
944,Маргарита,23,Пятигорск,free
945,Александра,31,Сочи,free
946,Олег,29,Екатеринбург,free
947,Злата,23,Ростов-на-Дону,free
948,Михаил,24,Пятигорск,free
949,Есения,29,Москва,free
950,Эдуард,20,Сочи,free
951,Владислава,23,Пятигорск,free
952,Назар,24,Ростов-на-Дону,free
953,Наташа,26,Ростов-на-Дону,free
954,Наталия,20,Омск,free
955,Амир,18,Сочи,free
956,Денис,27,Омск,free
957,Эльвира,20,Тюмень,free
958,Эльвира,29,Пятигорск,free
959,Руслан,30,Сочи,free
960,Зарина,28,Омск,free
961,Захар,20,Тюмень,free
962,Дмитрий,39,Москва,free
963,Виталий,29,Екатеринбург,free
964,Юлия,32,Тюмень,free
965,Святослав,23,Пятигорск,free
966,Никита,22,Екатеринбург,free
967,Элина,28,Краснодар,free
968,Павел,35,Краснодар,free
969,Есения,24,Пятигорск,free
970,Ника,21,Ростов-на-Дону,free
971,Александр,21,Екатеринбург,free
972,Анна,16,Сочи,free
973,Александр,27,Омск,free
974,Нелли,34,Москва,free
975,Лидия,26,Ростов-на-Дону,free
976,Платон,30,Екатеринбург,free
977,Амалия,22,Москва,free
978,Даниил,26,Омск,free
979,Антон,20,Екатеринбург,free
980,Ульяна,23,Пятигорск,free
981,Ярослав,17,Ростов-на-Дону,free
982,Альберт,21,Сочи,free
983,Арсен,26,Сочи,free
984,Анжелика,34,Краснодар,free
985,Эльмира,25,Екатеринбург,free
986,Наташа,30,Екатеринбург,free
987,Никита,22,Тюмень,free
988,Вера,28,Пятигорск,free
989,Дмитрий,24,Тюмень,free
990,Елена,23,Сочи,free
991,Вера,28,Тюмень,free
992,Георгий,26,Москва,free
993,Алексей,33,Москва,free
994,Тамара,25,Тюмень,free
995,Эмилия,28,Краснодар,free
996,Александра,19,Ростов-на-Дону,free
997,Святогор,23,Сочи,free
998,Анна,22,Тюмень,free
999,Богдан,23,Тюмень,free
1000,Эльвира,29,Екатеринбург,free
1001,Анатолий,22,Пятигорск,free
1002,Мадина,28,Краснодар,free
1003,Екатерина,22,Сочи,free
1004,Амина,21,Сочи,free
1005,Айдар,28,Москва,free
1006,Эльмира,25,Ростов-на-Дону,free
1007,Жанна,33,Пятигорск,free
1008,Ильдар,23,Омск,free
1009,Анатолий,21,Сочи,free
1010,Руслан,30,Тюмень,free
1011,Анна,28,Пятигорск,free
1012,Алёна,20,Ростов-на-Дону,free
1013,Зарина,24,Москва,free
1014,Эмиль,33,Тюмень,free
1015,Кирилл,26,Екатеринбург,free
1016,Татьяна,21,Москва,free
1017,Марина,25,Екатеринбург,free
1018,Александр,18,Пятигорск,free
1019,Диана,25,Краснодар,free
1020,Камилла,32,Москва,free
1021,Ксения,25,Ростов-на-Дону,free
1022,Антонина,14,Сочи,free
1023,Анатолий,25,Тюмень,free
1024,Наташа,21,Москва,free
1025,Анжелика,25,Краснодар,free
1026,Савелий,26,Тюмень,free
1027,Мария,21,Сочи,free
1028,Вадим,17,Сочи,free
1029,Игорь,21,Краснодар,free
1030,Олеся,25,Сочи,free
1031,Александра,24,Ростов-на-Дону,free
1032,Галина,27,Екатеринбург,free
1033,Дмитрий,27,Ростов-на-Дону,free
1034,Камилла,27,Краснодар,free
1035,Ярослава,25,Сочи,free
1036,Агата,35,Омск,free
1037,Лилия,27,Краснодар,free
1038,Ярослав,18,Пятигорск,free
1039,Василиса,25,Пятигорск,free
1040,Валентина,25,Екатеринбург,free
1041,Рустам,21,Краснодар,free
1042,Игнат,23,Пятигорск,free
1043,Оксана,28,Москва,free
1044,Владислав,28,Пятигорск,free
1045,Артемий,28,Ростов-на-Дону,free
1046,Всеволод,22,Омск,free
1047,Дмитрий,23,Сочи,free
1048,Павел,23,Краснодар,free
1049,Алла,16,Екатеринбург,free
1050,Богдан,32,Пятигорск,free
1051,Мадина,25,Ростов-на-Дону,free
1052,Вячеслав,27,Пятигорск,free
1053,Влада,34,Краснодар,free
1054,Марина,15,Ростов-на-Дону,free
1055,Дарья,27,Пятигорск,free
1056,Милена,27,Пятигорск,free
1057,Адель,26,Москва,free
1058,Артемий,25,Омск,free
1059,Анна,28,Тюмень,free
1060,Софья,20,Краснодар,free
1061,Жанна,20,Сочи,free
1062,Майя,27,Сочи,free
1063,Маргарита,34,Краснодар,free
1064,Милана,21,Москва,free
1065,Каролина,18,Краснодар,free
1066,Галина,28,Омск,free
1067,Мария,18,Омск,free
1068,Антонина,18,Ростов-на-Дону,free
1069,Степан,20,Сочи,free
1070,Яна,30,Екатеринбург,free
1071,Захар,26,Пятигорск,free
1072,Никита,21,Москва,free
1073,Алина,22,Екатеринбург,free
1074,Ника,22,Екатеринбург,free
1075,Ника,33,Тюмень,free
1076,Софья,22,Екатеринбург,free
1077,Наташа,22,Ростов-на-Дону,free
1078,Василий,23,Пятигорск,free
1079,Мария,19,Ростов-на-Дону,free
1080,Анна,22,Краснодар,free
1081,Владислава,30,Ростов-на-Дону,free
1082,Макар,24,Екатеринбург,free
1083,Федор,22,Пятигорск,free
1084,Дамир,22,Пятигорск,free
1085,Глеб,24,Пятигорск,free
1086,Артур,17,Омск,free
1087,Петр,29,Ростов-на-Дону,free
1088,Самир,28,Тюмень,free
1089,Элина,19,Краснодар,free
1090,Дмитрий,22,Ростов-на-Дону,free
1091,Арсен,24,Краснодар,free
1092,Ярослава,25,Ростов-на-Дону,free
1093,Василина,18,Ростов-на-Дону,free
1094,Василиса,22,Пятигорск,free
1095,Ян,29,Тюмень,free
1096,Майя,28,Москва,free
1097,Игнат,25,Сочи,free
1098,Варвара,20,Тюмень,free
1099,Назар,23,Тюмень,free
1100,Юлиана,25,Краснодар,free
1101,Иван,28,Тюмень,free
1102,Нелли,29,Тюмень,free
1103,Вадим,21,Краснодар,free
1104,Ольга,24,Краснодар,free
1105,Богдан,22,Пятигорск,free
1106,Максим,22,Краснодар,free
1107,Инна,22,Краснодар,free
1108,Элина,24,Краснодар,free
1109,Демид,25,Ростов-на-Дону,free
1110,Олег,19,Краснодар,free
1111,Екатерина,25,Москва,free
1112,Злата,16,Екатеринбург,free
1113,Николай,17,Екатеринбург,free
1114,Степан,30,Пятигорск,free
1115,Анна,29,Екатеринбург,free
1116,Анатолий,24,Краснодар,free
1117,Амир,25,Ростов-на-Дону,free
1118,Виолетта,28,Пятигорск,free
1119,Артур,19,Ростов-на-Дону,free
1120,Адель,28,Москва,free
1121,Юлия,23,Пятигорск,free
1122,Степан,24,Краснодар,free
1123,Матвей,25,Краснодар,free
1124,Альберт,22,Сочи,free
1125,Станислав,18,Пятигорск,free
1126,Владислав,26,Ростов-на-Дону,free
1127,Рустам,18,Екатеринбург,free
1128,Георгий,27,Краснодар,free
1129,Кира,30,Сочи,free
1130,Мария,22,Ростов-на-Дону,free
1131,Антон,26,Тюмень,free
1132,Наталия,20,Москва,free
1133,Руслан,16,Сочи,free
1134,Вячеслав,26,Сочи,free
1135,Макар,23,Тюмень,free
1136,Валентина,27,Тюмень,free
1137,Платон,26,Сочи,free
1138,Юлия,27,Екатеринбург,free
1139,Регина,22,Краснодар,free
1140,Василиса,20,Краснодар,free
1141,Антон,29,Краснодар,free
1142,Кристина,29,Ростов-на-Дону,free
1143,Аделина,27,Сочи,free
1144,Герман,28,Тюмень,free
1145,Назар,22,Сочи,free
1146,Степан,24,Пятигорск,free
1147,Ксения,24,Тюмень,free
1148,Лиана,25,Тюмень,free
1149,Самир,25,Екатеринбург,free
1150,Рамиль,19,Омск,free
1151,Татьяна,21,Пятигорск,free
1152,Альбина,21,Пятигорск,free
1153,Камилла,21,Омск,free
1154,Виолетта,27,Омск,free
1155,Эльмира,20,Краснодар,free
1156,Эвелина,33,Тюмень,free
1157,Рустам,24,Екатеринбург,free
1158,Снежана,27,Сочи,free
1159,Ростислав,22,Тюмень,free
1160,Стефания,27,Екатеринбург,free
1161,Александр,26,Тюмень,free
1162,Вера,14,Ростов-на-Дону,free
1163,Денис,32,Пятигорск,free
1164,Алёна,25,Омск,free
1165,Элина,26,Москва,free
1166,Максим,26,Сочи,free
1167,Тамерлан,27,Москва,free
1168,Назар,27,Краснодар,free
1169,Светлана,27,Ростов-на-Дону,free
1170,Глеб,22,Ростов-на-Дону,free
1171,Анжелика,29,Ростов-на-Дону,free
1172,Егор,31,Ростов-на-Дону,free
1173,Алина,19,Пятигорск,free
1174,Альбина,24,Ростов-на-Дону,free
1175,Эльмира,23,Сочи,free
1176,Владислав,30,Екатеринбург,free
1177,Варвара,27,Ростов-на-Дону,free
1178,Николай,25,Сочи,free
1179,Анна,24,Сочи,free
1180,Регина,26,Омск,free
1181,Рамиль,26,Ростов-на-Дону,free
1182,Одиссей,26,Тюмень,free
1183,Владимир,24,Москва,free
1184,Айдар,25,Пятигорск,free
1185,Александр,20,Ростов-на-Дону,free
1186,Анастасия,18,Москва,free
1187,Влад,17,Москва,free
1188,Захар,22,Омск,free
1189,Андрей,26,Екатеринбург,free
1190,Дарья,21,Пятигорск,free
1191,Арсений,30,Ростов-на-Дону,free
1192,Глеб,26,Москва,free
1193,Илья,23,Екатеринбург,free
1194,Анжелика,23,Москва,free
1195,Виктор,24,Екатеринбург,free
1196,Екатерина,29,Тюмень,free
1197,Артемий,28,Ростов-на-Дону,free
1198,Демид,29,Ростов-на-Дону,free
1199,Константин,18,Пятигорск,free
1200,Лидия,23,Пятигорск,free
1201,Николай,20,Ростов-на-Дону,free
1202,Ангелина,43,Москва,free
1203,Александра,33,Краснодар,free
1204,Марк,23,Ростов-на-Дону,free
1205,Марк,16,Москва,free
1206,Елисей,33,Краснодар,free
1207,Тамара,21,Ростов-на-Дону,free
1208,Леонид,28,Екатеринбург,free
1209,Борис,16,Омск,free
1210,Наталья,24,Москва,free
1211,София,24,Ростов-на-Дону,free
1212,Ирина,22,Москва,free
1213,Александр,19,Екатеринбург,free
1214,Савелий,25,Ростов-на-Дону,free
1215,Георгий,27,Тюмень,free
1216,Элина,20,Тюмень,free
1217,Давид,23,Сочи,free
1218,Ярослава,22,Ростов-на-Дону,free
1219,Ксения,25,Пятигорск,free
1220,Мария,17,Ростов-на-Дону,free
1221,Ян,21,Пятигорск,free
1222,Никита,26,Омск,free
1223,Злата,22,Тюмень,free
1224,Александр,25,Пятигорск,free
1225,Александр,22,Екатеринбург,free
1226,Каролина,22,Москва,free
1227,Оксана,24,Пятигорск,free
1228,Артемий,28,Краснодар,free
1229,Диана,31,Екатеринбург,free
1230,Артур,35,Екатеринбург,free
1231,Дарья,23,Краснодар,free
1232,Ариана,28,Москва,free
1233,Виталий,21,Тюмень,free
1234,Арсений,30,Пятигорск,free
1235,Демид,30,Омск,free
1236,Александр,31,Екатеринбург,free
1237,Евгения,23,Тюмень,free
1238,Виолетта,27,Екатеринбург,free
1239,Лиана,23,Тюмень,free
1240,Анжелика,25,Ростов-на-Дону,free
1241,Варвара,20,Омск,free
1242,Майя,13,Омск,free
1243,Эдуард,31,Москва,free
1244,Ксения,23,Екатеринбург,free
1245,Регина,27,Пятигорск,free
1246,Максим,22,Тюмень,free
1247,Марат,30,Омск,free
1248,Елисей,17,Краснодар,free
1249,Амалия,28,Тюмень,free
1250,Георгий,13,Краснодар,free
1251,Кирилл,25,Краснодар,free
1252,Нелли,31,Краснодар,free
1253,Иван,22,Пятигорск,free
1254,Дарина,32,Омск,free
1255,Оксана,21,Пятигорск,free
1256,Георгий,26,Пятигорск,free
1257,Никита,19,Краснодар,free
1258,Антон,18,Омск,free
1259,Ярослава,26,Москва,free
1260,Одиссей,26,Москва,free
1261,Давид,22,Пятигорск,free
1262,Диана,20,Ростов-на-Дону,free
1263,Амалия,27,Екатеринбург,free
1264,Каролина,21,Пятигорск,free
1265,Роман,24,Екатеринбург,free
1266,Альберт,22,Пятигорск,free
1267,Лиана,25,Краснодар,free
1268,Юлия,26,Краснодар,free
1269,Одиссей,16,Екатеринбург,free
1270,Антон,26,Омск,free
1271,Евгений,33,Краснодар,free
1272,Ярослав,16,Тюмень,free
1273,Вячеслав,25,Москва,free
1274,Кира,21,Москва,free
1275,Виталина,26,Тюмень,free
1276,Влада,30,Пятигорск,free
1277,Валерий,27,Тюмень,free
1278,Дмитрий,24,Краснодар,free
1279,Маргарита,29,Тюмень,free
1280,София,24,Сочи,free
1281,Самир,28,Пятигорск,free
1282,Тамара,32,Ростов-на-Дону,free
1283,Дмитрий,14,Тюмень,free
1284,Кирилл,28,Екатеринбург,free
1285,Станислав,27,Пятигорск,free
1286,Кира,21,Москва,free
1287,Дмитрий,18,Тюмень,free
1288,Матвей,33,Ростов-на-Дону,free
1289,Артемий,20,Краснодар,free
1290,Татьяна,23,Ростов-на-Дону,free
1291,Инна,25,Ростов-на-Дону,free
1292,Ангелина,25,Омск,free
1293,Ксения,23,Омск,free
1294,Святогор,23,Краснодар,free
1295,Алиса,27,Сочи,free
1296,Инна,27,Сочи,free
1297,Ясмина,26,Москва,free
1298,Наталья,20,Москва,free
1299,Артемий,30,Москва,free
1300,Мария,25,Омск,free
1301,Любовь,22,Омск,free
1302,Денис,28,Тюмень,free
1303,Виталина,26,Пятигорск,free
1304,Эльмира,25,Сочи,free
1305,Виктор,28,Сочи,free
1306,Антонина,22,Москва,free
1307,Данил,26,Сочи,free
1308,Каролина,18,Екатеринбург,free
1309,Дамир,23,Пятигорск,free
1310,Василина,32,Омск,free
1311,Яна,24,Пятигорск,free
1312,Регина,21,Краснодар,free
1313,Эвелина,21,Сочи,free
1314,Злата,26,Пятигорск,free
1315,Иван,21,Екатеринбург,free
1316,Никита,33,Екатеринбург,free
1317,Снежана,24,Омск,free
1318,Мадина,28,Москва,free
1319,Анастасия,25,Пятигорск,free
1320,Андрей,24,Краснодар,free
1321,Виталий,26,Омск,free
1322,Ярослава,23,Тюмень,free
1323,Алла,22,Тюмень,free
1324,Давид,21,Ростов-на-Дону,free
1325,Амалия,36,Сочи,free
1326,Валерия,26,Сочи,free
1327,Алла,22,Пятигорск,free
1328,Нелли,30,Омск,free
1329,Самир,35,Сочи,free
1330,Лиана,22,Москва,free
1331,Савелий,19,Краснодар,free
1332,Вадим,35,Пятигорск,free
1333,Захар,25,Краснодар,free
1334,Мария,16,Ростов-на-Дону,free
1335,Юлиана,27,Ростов-на-Дону,free
1336,Роман,20,Тюмень,free
1337,Наталья,23,Сочи,free
1338,Эмиль,25,Екатеринбург,free
1339,Анастасия,21,Екатеринбург,free
1340,Влад,32,Краснодар,free
1341,Борис,27,Екатеринбург,free
1342,Данила,23,Тюмень,free
1343,Леонид,28,Омск,free
1344,Стефания,21,Тюмень,free
1345,Даниэль,26,Екатеринбург,free
1346,Самира,26,Тюмень,free
1347,Лев,18,Тюмень,free
1348,Ярослав,23,Тюмень,free
1349,Олег,28,Пятигорск,free
1350,Анжелика,25,Омск,free
1351,Захар,22,Ростов-на-Дону,free
1352,Евгения,30,Москва,free
1353,Лидия,31,Ростов-на-Дону,free
1354,Петр,26,Екатеринбург,free
1355,Владислава,29,Ростов-на-Дону,free
1356,Эдуард,25,Омск,free
1357,Камилла,27,Краснодар,free
1358,Владимир,23,Тюмень,free
1359,Станислав,29,Сочи,free
1360,Тимур,21,Сочи,free
1361,Тамерлан,21,Екатеринбург,free
1362,Владимир,24,Екатеринбург,free
1363,Майя,29,Сочи,free
1364,Ян,31,Тюмень,free
1365,Влада,26,Омск,free
1366,Альберт,23,Тюмень,free
1367,Стефания,28,Пятигорск,free
1368,Любовь,27,Ростов-на-Дону,free
1369,Тимофей,25,Пятигорск,free
1370,Мирон,33,Москва,free
1371,Никита,19,Тюмень,free
1372,Святослав,28,Краснодар,free
1373,Аделина,22,Тюмень,free
1374,Марк,29,Пятигорск,free
1375,Алия,20,Пятигорск,free
1376,Александра,24,Ростов-на-Дону,free
1377,Герман,26,Пятигорск,free
1378,Жанна,16,Екатеринбург,free
1379,Регина,17,Ростов-на-Дону,free
1380,Михаил,26,Омск,free
1381,Дарина,24,Краснодар,free
1382,Мирослав,27,Ростов-на-Дону,free
1383,Николай,21,Ростов-на-Дону,free
1384,Анатолий,22,Москва,free
1385,Елена,25,Екатеринбург,free
1386,Наташа,26,Екатеринбург,free
1387,Борис,27,Москва,free
1388,Наташа,31,Москва,free
1389,Виолетта,25,Омск,free
1390,Алла,20,Москва,free
1391,Татьяна,28,Екатеринбург,free
1392,Полина,32,Екатеринбург,free
1393,Богдан,23,Краснодар,free
1394,Константин,22,Тюмень,free
1395,Артём,30,Сочи,free
1396,Георгий,24,Краснодар,free
1397,Святослав,26,Москва,free
1398,Эльвира,25,Краснодар,free
1399,Лидия,28,Ростов-на-Дону,free
1400,Эльвира,26,Ростов-на-Дону,free
1401,Амина,21,Омск,free
1402,Мария,30,Ростов-на-Дону,free
1403,Алёна,21,Омск,free
1404,Вероника,28,Краснодар,free
1405,Нелли,23,Пятигорск,free
1406,Вероника,28,Ростов-на-Дону,free
1407,Борис,26,Пятигорск,free
1408,Марат,23,Краснодар,free
1409,Юрий,29,Екатеринбург,free
1410,Антонина,28,Омск,free
1411,Александр,20,Пятигорск,free
1412,Антон,25,Ростов-на-Дону,free
1413,Константин,33,Екатеринбург,free
1414,Лариса,25,Краснодар,free
1415,Илья,21,Краснодар,free
1416,Самира,22,Екатеринбург,free
1417,Мадина,31,Омск,free
1418,Софья,18,Омск,free
1419,Яромир,21,Екатеринбург,free
1420,Юлия,18,Краснодар,free
1421,Лариса,30,Екатеринбург,free
1422,Светлана,33,Тюмень,free
1423,Елена,30,Екатеринбург,free
1424,Артур,29,Ростов-на-Дону,free
1425,Лидия,25,Сочи,free
1426,Виктор,19,Москва,free
1427,Алия,26,Пятигорск,free
1428,Руслан,26,Москва,free
1429,Анастасия,24,Тюмень,free
1430,Маргарита,22,Краснодар,free
1431,Яна,26,Екатеринбург,free
1432,Федор,23,Тюмень,free
1433,Гордей,27,Краснодар,free
1434,Юрий,35,Тюмень,free
1435,Нелли,21,Сочи,free
1436,Антонина,28,Сочи,free
1437,Юлия,19,Екатеринбург,free
1438,Тамара,30,Пятигорск,free
1439,Василина,23,Ростов-на-Дону,free
1440,Айдар,21,Екатеринбург,free
1441,Петр,28,Тюмень,free
1442,Виктор,33,Екатеринбург,free
1443,Виктория,23,Сочи,free
1444,Мелания,24,Омск,free
1445,Даниил,25,Краснодар,free
1446,Камилла,28,Ростов-на-Дону,free
1447,Мирон,27,Омск,free
1448,Захар,25,Екатеринбург,free
1449,Софья,28,Москва,free
1450,Самир,22,Краснодар,free
1451,Иван,21,Тюмень,free
1452,Людмила,33,Омск,free
1453,Виолетта,26,Екатеринбург,free
1454,Вячеслав,27,Москва,free
1455,Кирилл,18,Екатеринбург,free
1456,Тамара,22,Тюмень,free
1457,Лиана,22,Сочи,free
1458,Тамерлан,24,Сочи,free
1459,Назар,26,Пятигорск,free
1460,Жанна,27,Пятигорск,free
1461,Вероника,19,Москва,free
1462,Никита,22,Пятигорск,free
1463,Тимур,25,Екатеринбург,free
1464,Зарина,15,Омск,free
1465,Екатерина,30,Краснодар,free
1466,Григорий,24,Ростов-на-Дону,free
1467,Тимур,32,Екатеринбург,free
1468,Вероника,20,Ростов-на-Дону,free
1469,Инна,23,Сочи,free
1470,Ангелина,32,Сочи,free
1471,Роман,21,Краснодар,free
1472,Василиса,31,Москва,free
1473,Михаил,21,Омск,free
1474,Борис,30,Пятигорск,free
1475,Артём,17,Тюмень,free
1476,Стефания,13,Москва,free
1477,Ян,17,Сочи,free
1478,Роберт,21,Пятигорск,free
1479,Мирослава,18,Пятигорск,free
1480,Кира,25,Краснодар,free
1481,Эдуард,28,Краснодар,free
1482,Глеб,21,Краснодар,free
1483,Роберт,26,Екатеринбург,free
1484,Алёна,24,Сочи,free
1485,Дамир,20,Тюмень,free
1486,Герман,22,Омск,free
1487,Кирилл,26,Сочи,free
1488,Рамиль,15,Екатеринбург,free
1489,Алёна,30,Пятигорск,free
1490,Антон,25,Сочи,free
1491,Адель,31,Сочи,free
1492,Григорий,36,Краснодар,free
1493,Федор,24,Омск,free
1494,Екатерина,33,Пятигорск,free
1495,Наталия,27,Омск,free
1496,Яна,19,Москва,free
1497,Антон,30,Сочи,free
1498,Юлия,26,Москва,free
1499,Марсель,28,Тюмень,free
1500,Татьяна,25,Пятигорск,free
1501,Мирон,23,Пятигорск,free
1502,Аделина,18,Омск,free
1503,Дмитрий,27,Пятигорск,free
1504,Олеся,27,Сочи,free
1505,Лидия,27,Екатеринбург,free
1506,Регина,29,Сочи,free
1507,Вячеслав,26,Екатеринбург,free
1508,Аделина,26,Сочи,free
1509,Дмитрий,36,Пятигорск,free
1510,Эмиль,25,Краснодар,free
1511,Элина,27,Краснодар,free
1512,Мария,18,Омск,free
1513,Лариса,21,Тюмень,free
1514,Ева,25,Тюмень,free
1515,Самир,22,Омск,free
1516,Давид,16,Краснодар,free
1517,Давид,25,Тюмень,free
1518,Михаил,23,Сочи,free
1519,Ирина,25,Тюмень,free
1520,Таисия,24,Сочи,free
1521,Галина,26,Пятигорск,free
1522,Никита,25,Екатеринбург,free
1523,Святослав,26,Ростов-на-Дону,free
1524,Матвей,32,Москва,free
1525,Ирина,21,Омск,free
1526,Александра,23,Омск,free
1527,Захар,24,Омск,free
1528,Анна,25,Пятигорск,free
1529,Любовь,29,Москва,free
1530,Ростислав,29,Сочи,free
1531,Никита,25,Пятигорск,free
1532,Алексей,26,Тюмень,free
1533,Степан,22,Краснодар,free
1534,Альберт,25,Краснодар,free
293,Агата,26,Краснодар,ultra
16,Амалия,27,Краснодар,ultra
909,Константин,20,Екатеринбург,free
403,Полина,19,Сочи,ultra
908,Рустам,30,Тюмень,free
43,Стефания,22,Омск,ultra
127,Павел,25,Пятигорск,ultra
659,Злата,27,Ростов-на-Дону,ultra
204,Руслан,30,Пятигорск,ultra
153,Герман,23,Москва,ultra
1245,Регина,27,Пятигорск,free
807,Александр,28,Екатеринбург,free
924,Мария,23,Пятигорск,free
635,Герман,21,Москва,ultra
136,Марсель,25,Тюмень,ultra
108,Влада,29,Тюмень,ultra
737,Мелания,27,Ростов-на-Дону,free
666,Зарина,29,Москва,ultra
297,Егор,33,Пятигорск,ultra
121,Алина,25,Пятигорск,ultra
1198,Демид,29,Ростов-на-Дону,free
72,Никита,25,Москва,ultra
422,Кирилл,27,Сочи,ultra
611,Владимир,28,Омск,ultra
1237,Евгения,23,Тюмень,free
209,Андрей,23,Омск,ultra
829,Федор,29,Пятигорск,free
809,Юрий,26,Сочи,free
307,Ясмина,19,Краснодар,ultra
47,Юрий,28,Тюмень,ultra
1045,Артемий,28,Ростов-на-Дону,free
